{
    "Num Cycles": [
        0,
        1,
        2,
        3,
        4,
        5,
        6,
        7,
        8,
        9,
        10
    ],
    "Num Samples": [
        10000000,
        10000000,
        10000000,
        10000000,
        10000000,
        10000000,
        10000000,
        10000000,
        10000000,
        10000000,
        10000000
    ],
    "p_1": [
        3e-05,
        3e-05,
        3e-05,
        3e-05,
        3e-05,
        3e-05,
        3e-05,
        3e-05,
        3e-05,
        3e-05,
        3e-05
    ],
    "p_2": [
        0.001,
        0.001,
        0.001,
        0.001,
        0.001,
        0.001,
        0.001,
        0.001,
        0.001,
        0.001,
        0.001
    ],
    "p_mem": [
        0.0001,
        0.0001,
        0.0001,
        0.0001,
        0.0001,
        0.0001,
        0.0001,
        0.0001,
        0.0001,
        0.0001,
        0.0001
    ],
    "p_SPAM": [
        0.001,
        0.001,
        0.001,
        0.001,
        0.001,
        0.001,
        0.001,
        0.001,
        0.001,
        0.001,
        0.001
    ],
    "Z Basis": {
        "Logical Error Rate": [
            2.17e-05,
            0.0002387,
            0.0005048,
            0.000739,
            0.0010122,
            0.0012485,
            0.0014992,
            0.001752,
            0.0019858,
            0.0022528,
            0.0025065
        ],
        "Standard Error": [
            1.4730760767846693e-06,
            4.8851105020695755e-06,
            7.10313471232612e-06,
            8.593334351957888e-06,
            1.005572251147353e-05,
            1.116665291143294e-05,
            1.223500122213012e-05,
            1.3224714253597569e-05,
            1.4077843572599035e-05,
            1.4992415138771043e-05,
            1.581207673827752e-05
        ],
        "Acceptance Rate": [
            1.0,
            1.0,
            1.0,
            1.0,
            1.0,
            1.0,
            1.0,
            1.0,
            1.0,
            1.0,
            1.0
        ]
    },
    "X Basis": {
        "Logical Error Rate": [
            1.92e-05,
            0.0004508,
            0.0011204,
            0.001778,
            0.0024015,
            0.0030487,
            0.0037154,
            0.004338,
            0.0049833,
            0.0056084,
            0.006338
        ],
        "Standard Error": [
            1.385627413122421e-06,
            6.712650925079319e-06,
            1.0578964106917469e-05,
            1.3322307958773094e-05,
            1.5478155695441572e-05,
            1.7433891511221963e-05,
            1.9239532668439786e-05,
            2.078264224760225e-05,
            2.226761598590366e-05,
            2.3615559292836243e-05,
            2.5095478448882065e-05
        ],
        "Acceptance Rate": [
            1.0,
            1.0,
            1.0,
            1.0,
            1.0,
            1.0,
            1.0,
            1.0,
            1.0,
            1.0,
            1.0
        ]
    }
}