{
    "Num Cycles": [
        1,
        1,
        1,
        1,
        1,
        1,
        1,
        1,
        1,
        1,
        1,
        1,
        1,
        1,
        1,
        1,
        1,
        1,
        1,
        1,
        1
    ],
    "Num Samples": [
        5000000,
        6294627,
        7924465,
        9976311,
        12559432,
        15811388,
        19905358,
        25059361,
        31547867,
        39716411,
        50000000,
        62946270,
        79244659,
        99763115,
        125594321,
        158113883,
        199053585,
        250593616,
        315478672,
        397164117,
        500000000
    ],
    "p_1": [
        0.0003,
        0.0002382984704172844,
        0.0001892872033440579,
        0.00015035617008818172,
        0.00011943215116604919,
        9.486832980505138e-05,
        7.535659294528738e-05,
        5.9857869449066365e-05,
        4.754679577383342e-05,
        3.7767762353825026e-05,
        3e-05,
        2.382984704172844e-05,
        1.8928720334405787e-05,
        1.5035617008818176e-05,
        1.1943215116604907e-05,
        9.486832980505138e-06,
        7.535659294528739e-06,
        5.985786944906636e-06,
        4.754679577383342e-06,
        3.776776235382498e-06,
        3e-06
    ],
    "p_2": [
        0.01,
        0.007943282347242814,
        0.00630957344480193,
        0.005011872336272725,
        0.003981071705534973,
        0.0031622776601683794,
        0.0025118864315095794,
        0.001995262314968879,
        0.001584893192461114,
        0.0012589254117941675,
        0.001,
        0.0007943282347242813,
        0.000630957344480193,
        0.0005011872336272725,
        0.0003981071705534969,
        0.00031622776601683794,
        0.00025118864315095795,
        0.00019952623149688788,
        0.00015848931924611142,
        0.0001258925411794166,
        0.0001
    ],
    "p_mem": [
        0.001,
        0.0007943282347242814,
        0.0006309573444801931,
        0.0005011872336272725,
        0.00039810717055349735,
        0.00031622776601683794,
        0.00025118864315095795,
        0.0001995262314968879,
        0.00015848931924611142,
        0.00012589254117941674,
        0.0001,
        7.943282347242814e-05,
        6.30957344480193e-05,
        5.011872336272726e-05,
        3.9810717055349695e-05,
        3.1622776601683795e-05,
        2.5118864315095798e-05,
        1.995262314968879e-05,
        1.584893192461114e-05,
        1.2589254117941661e-05,
        1e-05
    ],
    "p_SPAM": [
        0.01,
        0.007943282347242814,
        0.00630957344480193,
        0.005011872336272725,
        0.003981071705534973,
        0.0031622776601683794,
        0.0025118864315095794,
        0.001995262314968879,
        0.001584893192461114,
        0.0012589254117941675,
        0.001,
        0.0007943282347242813,
        0.000630957344480193,
        0.0005011872336272725,
        0.0003981071705534969,
        0.00031622776601683794,
        0.00025118864315095795,
        0.00019952623149688788,
        0.00015848931924611142,
        0.0001258925411794166,
        0.0001
    ],
    "Z Basis": {
        "Logical Error Rate": [
            0.0201866,
            0.013388243656057777,
            0.008742419835282256,
            0.005704914371655013,
            0.0036810581879817496,
            0.0023745543402008728,
            0.0015118040077450503,
            0.0009663055654132601,
            0.0006074261692557535,
            0.0003875727844593007,
            0.00024482,
            0.00015756295011602753,
            9.903506556826751e-05,
            6.282883207887003e-05,
            4.015308940600905e-05,
            2.560812449340707e-05,
            1.602081168244219e-05,
            1.0119970494380032e-05,
            6.241309396661845e-06,
            4.0537398296734846e-06,
            2.578e-06
        ],
        "Standard Error": [
            6.289531800740185e-05,
            4.5808912442739616e-05,
            3.306923448753728e-05,
            2.3844995437333508e-05,
            1.708836660931531e-05,
            1.2240237113969894e-05,
            8.708316966804346e-06,
            6.206722387147119e-06,
            4.386617980471824e-06,
            3.123255167475806e-06,
            2.2125101946106433e-06,
            1.5820049502139165e-06,
            1.1178614839652062e-06,
            7.935619783715903e-07,
            5.654129668912681e-07,
            4.0243739084446766e-07,
            2.8369636948028234e-07,
            2.0095666975628084e-07,
            1.406538095883419e-07,
            1.0102806950746935e-07,
            7.180519979878876e-08
        ],
        "Acceptance Rate": [
            1.0,
            1.0,
            1.0,
            1.0,
            1.0,
            1.0,
            1.0,
            1.0,
            1.0,
            1.0,
            1.0,
            1.0,
            1.0,
            1.0,
            1.0,
            1.0,
            1.0,
            1.0,
            1.0,
            1.0,
            1.0
        ]
    },
    "X Basis": {
        "Logical Error Rate": [
            0.0358708,
            0.0239034020602015,
            0.015802833377395194,
            0.010272835319588574,
            0.006684299098876446,
            0.004309741813938156,
            0.002792514457665117,
            0.0017680019853658678,
            0.0011233723027930858,
            0.0007179651756549705,
            0.00045356,
            0.0002871973192375021,
            0.0001863090861429538,
            0.00011537330204655298,
            7.297304469682192e-05,
            4.597951718129647e-05,
            2.9293619604992295e-05,
            1.8021209287310815e-05,
            1.1531682877123307e-05,
            7.248892527720474e-06,
            4.64e-06
        ],
        "Standard Error": [
            8.316741263761731e-05,
            6.0882333837850746e-05,
            4.430202596715475e-05,
            3.1924046914072455e-05,
            2.299252171717329e-05,
            1.6474140722558777e-05,
            1.1827841458463768e-05,
            8.392128594845933e-06,
            5.963933440330496e-06,
            4.25021340779532e-06,
            3.0111602162405304e-06,
            2.135712655519549e-06,
            1.5331744026329309e-06,
            1.0753320956595229e-06,
            7.622200832917074e-07,
            5.392463546714677e-07,
            3.8361462588702246e-07,
            2.68165590753284e-07,
            1.911872119299676e-07,
            1.3509810427802603e-07,
            9.633253323441624e-08
        ],
        "Acceptance Rate": [
            1.0,
            1.0,
            1.0,
            1.0,
            1.0,
            1.0,
            1.0,
            1.0,
            1.0,
            1.0,
            1.0,
            1.0,
            1.0,
            1.0,
            1.0,
            1.0,
            1.0,
            1.0,
            1.0,
            1.0,
            1.0
        ]
    }
}