{
    "Num Cycles": [
        1,
        1,
        1,
        1,
        1,
        1,
        1,
        1,
        1,
        1,
        1,
        1,
        1,
        1,
        1,
        1,
        1,
        1,
        1,
        1,
        1
    ],
    "Num Samples": [
        5000000,
        6294627,
        7924465,
        9976311,
        12559432,
        15811388,
        19905358,
        25059361,
        31547867,
        39716411,
        50000000,
        62946270,
        79244659,
        99763115,
        125594321,
        158113883,
        199053585,
        250593616,
        315478672,
        397164117,
        500000000
    ],
    "p_1": [
        0.0003,
        0.0002382984704172844,
        0.0001892872033440579,
        0.00015035617008818172,
        0.00011943215116604919,
        9.486832980505138e-05,
        7.535659294528738e-05,
        5.9857869449066365e-05,
        4.754679577383342e-05,
        3.7767762353825026e-05,
        3e-05,
        2.382984704172844e-05,
        1.8928720334405787e-05,
        1.5035617008818176e-05,
        1.1943215116604907e-05,
        9.486832980505138e-06,
        7.535659294528739e-06,
        5.985786944906636e-06,
        4.754679577383342e-06,
        3.776776235382498e-06,
        3e-06
    ],
    "p_2": [
        0.01,
        0.007943282347242814,
        0.00630957344480193,
        0.005011872336272725,
        0.003981071705534973,
        0.0031622776601683794,
        0.0025118864315095794,
        0.001995262314968879,
        0.001584893192461114,
        0.0012589254117941675,
        0.001,
        0.0007943282347242813,
        0.000630957344480193,
        0.0005011872336272725,
        0.0003981071705534969,
        0.00031622776601683794,
        0.00025118864315095795,
        0.00019952623149688788,
        0.00015848931924611142,
        0.0001258925411794166,
        0.0001
    ],
    "p_mem": [
        0.001,
        0.0007943282347242814,
        0.0006309573444801931,
        0.0005011872336272725,
        0.00039810717055349735,
        0.00031622776601683794,
        0.00025118864315095795,
        0.0001995262314968879,
        0.00015848931924611142,
        0.00012589254117941674,
        0.0001,
        7.943282347242814e-05,
        6.30957344480193e-05,
        5.011872336272726e-05,
        3.9810717055349695e-05,
        3.1622776601683795e-05,
        2.5118864315095798e-05,
        1.995262314968879e-05,
        1.584893192461114e-05,
        1.2589254117941661e-05,
        1e-05
    ],
    "p_SPAM": [
        0.01,
        0.007943282347242814,
        0.00630957344480193,
        0.005011872336272725,
        0.003981071705534973,
        0.0031622776601683794,
        0.0025118864315095794,
        0.001995262314968879,
        0.001584893192461114,
        0.0012589254117941675,
        0.001,
        0.0007943282347242813,
        0.000630957344480193,
        0.0005011872336272725,
        0.0003981071705534969,
        0.00031622776601683794,
        0.00025118864315095795,
        0.00019952623149688788,
        0.00015848931924611142,
        0.0001258925411794166,
        0.0001
    ],
    "Z Basis": {
        "Logical Error Rate": [
            0.0281644,
            0.018488466433356575,
            0.01203286278632059,
            0.007800979740908237,
            0.005067824723283664,
            0.003213822847178249,
            0.0020777320357664502,
            0.001333274220360208,
            0.0008487420084533765,
            0.0005386186581662678,
            0.0003391,
            0.0002130864942434238,
            0.00013422986652008938,
            8.692591445245069e-05,
            5.354541468479295e-05,
            3.434865994657787e-05,
            2.1873507075996645e-05,
            1.3954864676201488e-05,
            8.767629147367527e-06,
            5.791056899533549e-06,
            3.182e-06
        ],
        "Standard Error": [
            7.398806937185807e-05,
            5.369244520219491e-05,
            3.873207670175791e-05,
            2.7854091894732388e-05,
            2.0036531739461716e-05,
            1.4234000804131731e-05,
            1.020606052231936e-05,
            7.289286888531884e-06,
            5.184638435011097e-06,
            3.6816179017739387e-06,
            2.6037857744818425e-06,
            1.8396986488979906e-06,
            1.3013988895862042e-06,
            9.334063673474899e-07,
            6.52926831827945e-07,
            4.6608211668561806e-07,
            3.314892582672483e-07,
            2.3597977560180402e-07,
            1.6670713224979202e-07,
            1.207515341287384e-07,
            7.977455585886993e-08
        ],
        "Acceptance Rate": [
            1.0,
            1.0,
            1.0,
            1.0,
            1.0,
            1.0,
            1.0,
            1.0,
            1.0,
            1.0,
            1.0,
            1.0,
            1.0,
            1.0,
            1.0,
            1.0,
            1.0,
            1.0,
            1.0,
            1.0,
            1.0
        ]
    },
    "X Basis": {
        "Logical Error Rate": [
            0.0457712,
            0.03094925243386145,
            0.0205499046307858,
            0.013590694997379292,
            0.008869589006891394,
            0.005774951572878991,
            0.0036863943868781462,
            0.0023900449815939043,
            0.0015217827563429249,
            0.0009672324118108255,
            0.00062094,
            0.0003931607067424329,
            0.00025165102925106916,
            0.00015749307747658039,
            9.927996664753656e-05,
            6.341631620039336e-05,
            3.982847131339031e-05,
            2.5367765154879285e-05,
            1.59915723241031e-05,
            1.0094063960969566e-05,
            6.404e-06
        ],
        "Standard Error": [
            9.34625122557715e-05,
            6.902610638646787e-05,
            5.039774599941173e-05,
            3.665763523152781e-05,
            2.6456486427917306e-05,
            1.9055991012604e-05,
            1.3583570561521332e-05,
            9.754352295434946e-06,
            6.940018577271316e-06,
            4.932536350153507e-06,
            3.5229375411082414e-06,
            2.498703161544657e-06,
            1.7818030810656907e-06,
            1.256352575642273e-06,
            8.890460411298085e-07,
            6.332886921168728e-07,
            4.4730439903536544e-07,
            3.181636754773155e-07,
            2.2514230569796943e-07,
            1.594211115270027e-07,
            1.1317207254081652e-07
        ],
        "Acceptance Rate": [
            1.0,
            1.0,
            1.0,
            1.0,
            1.0,
            1.0,
            1.0,
            1.0,
            1.0,
            1.0,
            1.0,
            1.0,
            1.0,
            1.0,
            1.0,
            1.0,
            1.0,
            1.0,
            1.0,
            1.0,
            1.0
        ]
    }
}