{
    "Num Cycles": [
        0,
        1,
        2,
        3,
        4,
        5,
        6,
        7,
        8,
        9,
        10
    ],
    "Num Samples": [
        10000000,
        10000000,
        10000000,
        10000000,
        10000000,
        10000000,
        10000000,
        10000000,
        10000000,
        10000000,
        10000000
    ],
    "p_1": [
        3e-05,
        3e-05,
        3e-05,
        3e-05,
        3e-05,
        3e-05,
        3e-05,
        3e-05,
        3e-05,
        3e-05,
        3e-05
    ],
    "p_2": [
        0.001,
        0.001,
        0.001,
        0.001,
        0.001,
        0.001,
        0.001,
        0.001,
        0.001,
        0.001,
        0.001
    ],
    "p_mem": [
        0.0001,
        0.0001,
        0.0001,
        0.0001,
        0.0001,
        0.0001,
        0.0001,
        0.0001,
        0.0001,
        0.0001,
        0.0001
    ],
    "p_SPAM": [
        0.001,
        0.001,
        0.001,
        0.001,
        0.001,
        0.001,
        0.001,
        0.001,
        0.001,
        0.001,
        0.001
    ],
    "Z Basis": {
        "Logical Error Rate": [
            1.89e-05,
            0.0003392,
            0.0007002,
            0.0010526,
            0.0014112,
            0.0017776,
            0.0021377,
            0.0025115,
            0.002848,
            0.0031748,
            0.0035777
        ],
        "Standard Error": [
            1.374759785561262e-06,
            5.823100353492954e-06,
            8.364865748659562e-06,
            1.0254229070921e-05,
            1.1871009457838308e-05,
            1.3320811971062543e-05,
            1.4605240333603023e-05,
            1.582780028389688e-05,
            1.6851970745253856e-05,
            1.7789662620275003e-05,
            1.888094388318561e-05
        ],
        "Acceptance Rate": [
            1.0,
            1.0,
            1.0,
            1.0,
            1.0,
            1.0,
            1.0,
            1.0,
            1.0,
            1.0,
            1.0
        ]
    },
    "X Basis": {
        "Logical Error Rate": [
            2.22e-05,
            0.0006172,
            0.0013121,
            0.0019991,
            0.0026899,
            0.0033817,
            0.0040624,
            0.0047512,
            0.0054343,
            0.0061582,
            0.0068231
        ],
        "Standard Error": [
            1.489949978353332e-06,
            7.85378332933824e-06,
            1.1447176615339926e-05,
            1.4124814330462465e-05,
            1.637884216376869e-05,
            1.8358279990610354e-05,
            2.0114416001539122e-05,
            2.174540542602657e-05,
            2.3248158903420483e-05,
            2.4739193973910544e-05,
            2.603179975346422e-05
        ],
        "Acceptance Rate": [
            1.0,
            1.0,
            1.0,
            1.0,
            1.0,
            1.0,
            1.0,
            1.0,
            1.0,
            1.0,
            1.0
        ]
    }
}