{
    "Num Cycles": [
        0,
        1,
        2,
        3,
        4,
        5,
        6,
        7,
        8,
        9,
        10
    ],
    "Num Samples": [
        10000000,
        10000000,
        10000000,
        10000000,
        10000000,
        10000000,
        10000000,
        10000000,
        10000000,
        10000000,
        10000000
    ],
    "p_1": [
        3e-05,
        3e-05,
        3e-05,
        3e-05,
        3e-05,
        3e-05,
        3e-05,
        3e-05,
        3e-05,
        3e-05,
        3e-05
    ],
    "p_2": [
        0.001,
        0.001,
        0.001,
        0.001,
        0.001,
        0.001,
        0.001,
        0.001,
        0.001,
        0.001,
        0.001
    ],
    "p_mem": [
        0.0001,
        0.0001,
        0.0001,
        0.0001,
        0.0001,
        0.0001,
        0.0001,
        0.0001,
        0.0001,
        0.0001,
        0.0001
    ],
    "p_SPAM": [
        0.001,
        0.001,
        0.001,
        0.001,
        0.001,
        0.001,
        0.001,
        0.001,
        0.001,
        0.001,
        0.001
    ],
    "Z Basis": {
        "Logical Error Rate": [
            2.2e-05,
            0.0002728,
            0.0005663,
            0.0008804,
            0.0011723,
            0.0014851,
            0.0017464,
            0.0020658,
            0.0023762,
            0.0026756,
            0.0029789
        ],
        "Standard Error": [
            1.4832234558538987e-06,
            5.2223137346635995e-06,
            7.523159980406744e-06,
            9.378832463598538e-06,
            1.0820932629873374e-05,
            1.2177416089957108e-05,
            1.3203598984273284e-05,
            1.4358038433272378e-05,
            1.539660323128251e-05,
            1.633536479997965e-05,
            1.723376468387753e-05
        ],
        "Acceptance Rate": [
            1.0,
            1.0,
            1.0,
            1.0,
            1.0,
            1.0,
            1.0,
            1.0,
            1.0,
            1.0,
            1.0
        ]
    },
    "X Basis": {
        "Logical Error Rate": [
            2.13e-05,
            0.0005167,
            0.0012822,
            0.0020387,
            0.0027964,
            0.0035652,
            0.0043772,
            0.0050911,
            0.0058661,
            0.0066366,
            0.0073696
        ],
        "Standard Error": [
            1.4594364816584119e-06,
            7.186327801828324e-06,
            1.13161658313035e-05,
            1.4263743918636476e-05,
            1.6699043163900264e-05,
            1.8848049512373873e-05,
            2.0875920473033172e-05,
            2.2505957449768986e-05,
            2.4148891183569787e-05,
            2.5675973593411444e-05,
            2.7046792281838105e-05
        ],
        "Acceptance Rate": [
            1.0,
            1.0,
            1.0,
            1.0,
            1.0,
            1.0,
            1.0,
            1.0,
            1.0,
            1.0,
            1.0
        ]
    }
}