{
    "Num Cycles": [
        1,
        1,
        1,
        1,
        1,
        1,
        1,
        1,
        1,
        1,
        1,
        1,
        1,
        1,
        1,
        1,
        1,
        1,
        1,
        1,
        1
    ],
    "Num Samples": [
        5000000,
        6294627,
        7924465,
        9976311,
        12559432,
        15811388,
        19905358,
        25059361,
        31547867,
        39716411,
        50000000,
        62946270,
        79244659,
        99763115,
        125594321,
        158113883,
        199053585,
        250593616,
        315478672,
        397164117,
        500000000
    ],
    "p_1": [
        0.0003,
        0.0002382984704172844,
        0.0001892872033440579,
        0.00015035617008818172,
        0.00011943215116604919,
        9.486832980505138e-05,
        7.535659294528738e-05,
        5.9857869449066365e-05,
        4.754679577383342e-05,
        3.7767762353825026e-05,
        3e-05,
        2.382984704172844e-05,
        1.8928720334405787e-05,
        1.5035617008818176e-05,
        1.1943215116604907e-05,
        9.486832980505138e-06,
        7.535659294528739e-06,
        5.985786944906636e-06,
        4.754679577383342e-06,
        3.776776235382498e-06,
        3e-06
    ],
    "p_2": [
        0.01,
        0.007943282347242814,
        0.00630957344480193,
        0.005011872336272725,
        0.003981071705534973,
        0.0031622776601683794,
        0.0025118864315095794,
        0.001995262314968879,
        0.001584893192461114,
        0.0012589254117941675,
        0.001,
        0.0007943282347242813,
        0.000630957344480193,
        0.0005011872336272725,
        0.0003981071705534969,
        0.00031622776601683794,
        0.00025118864315095795,
        0.00019952623149688788,
        0.00015848931924611142,
        0.0001258925411794166,
        0.0001
    ],
    "p_mem": [
        0.001,
        0.0007943282347242814,
        0.0006309573444801931,
        0.0005011872336272725,
        0.00039810717055349735,
        0.00031622776601683794,
        0.00025118864315095795,
        0.0001995262314968879,
        0.00015848931924611142,
        0.00012589254117941674,
        0.0001,
        7.943282347242814e-05,
        6.30957344480193e-05,
        5.011872336272726e-05,
        3.9810717055349695e-05,
        3.1622776601683795e-05,
        2.5118864315095798e-05,
        1.995262314968879e-05,
        1.584893192461114e-05,
        1.2589254117941661e-05,
        1e-05
    ],
    "p_SPAM": [
        0.01,
        0.007943282347242814,
        0.00630957344480193,
        0.005011872336272725,
        0.003981071705534973,
        0.0031622776601683794,
        0.0025118864315095794,
        0.001995262314968879,
        0.001584893192461114,
        0.0012589254117941675,
        0.001,
        0.0007943282347242813,
        0.000630957344480193,
        0.0005011872336272725,
        0.0003981071705534969,
        0.00031622776601683794,
        0.00025118864315095795,
        0.00019952623149688788,
        0.00015848931924611142,
        0.0001258925411794166,
        0.0001
    ],
    "Z Basis": {
        "Logical Error Rate": [
            0.0215658,
            0.014204971954652755,
            0.009356467597497118,
            0.006084212891919669,
            0.003909492085310865,
            0.0025203353431083974,
            0.001623281530530624,
            0.0010304332979599918,
            0.0006569382329398054,
            0.0004236787659388458,
            0.00026308,
            0.00016836581420948373,
            0.00010750251319776643,
            6.560540937399559e-05,
            4.250192172303714e-05,
            2.670227256388359e-05,
            1.7050685120792975e-05,
            1.0742492338671549e-05,
            6.8942853924527744e-06,
            4.106614697017052e-06,
            2.784e-06
        ],
        "Standard Error": [
            6.49626361695769e-05,
            4.716594458190093e-05,
            3.420028418546135e-05,
            2.4620225566320052e-05,
            1.7608590256872278e-05,
            1.2609451798263654e-05,
            9.023170434954439e-06,
            6.409159555183471e-06,
            4.5617825127653326e-06,
            3.2654372032537593e-06,
            2.29351605258745e-06,
            1.6353299759118784e-06,
            1.1646648427729707e-06,
            8.109061236241557e-07,
            5.817147216012251e-07,
            4.109446332612896e-07,
            2.9267269981061935e-07,
            2.0704521260714418e-07,
            1.4782848640572553e-07,
            1.0168481091468076e-07,
            7.461892862956402e-08
        ],
        "Acceptance Rate": [
            1.0,
            1.0,
            1.0,
            1.0,
            1.0,
            1.0,
            1.0,
            1.0,
            1.0,
            1.0,
            1.0,
            1.0,
            1.0,
            1.0,
            1.0,
            1.0,
            1.0,
            1.0,
            1.0,
            1.0,
            1.0
        ]
    },
    "X Basis": {
        "Logical Error Rate": [
            0.0394544,
            0.02635454014987703,
            0.01756812605014976,
            0.011549158802286737,
            0.007533222840013784,
            0.00485131349632303,
            0.0030952972561458076,
            0.001996858579115405,
            0.0012847778266594063,
            0.0008129636889899241,
            0.00052106,
            0.00032654834035440066,
            0.00020904878901680933,
            0.0001335864462532069,
            8.260723826836087e-05,
            5.302507180852677e-05,
            3.425208342768607e-05,
            2.0826548111265532e-05,
            1.3519138941982106e-05,
            8.409621758453068e-06,
            5.342e-06
        ],
        "Standard Error": [
            8.706062014503638e-05,
            6.38473942231914e-05,
            4.6669053514114855e-05,
            3.382733203382327e-05,
            2.439851611386374e-05,
            1.747385279547997e-05,
            1.2450678478707805e-05,
            8.91773619357149e-06,
            6.3774910424239805e-06,
            4.522452112066584e-06,
            3.2273472292028637e-06,
            2.277287294311562e-06,
            1.624027695385332e-06,
            1.1570901327475198e-06,
            8.109724735281138e-07,
            5.790874024432927e-07,
            4.148117578046703e-07,
            2.882830604207182e-07,
            2.070077375121292e-07,
            1.455128691093012e-07,
            1.0336316049463602e-07
        ],
        "Acceptance Rate": [
            1.0,
            1.0,
            1.0,
            1.0,
            1.0,
            1.0,
            1.0,
            1.0,
            1.0,
            1.0,
            1.0,
            1.0,
            1.0,
            1.0,
            1.0,
            1.0,
            1.0,
            1.0,
            1.0,
            1.0,
            1.0
        ]
    }
}