{
    "Num Cycles": [
        1,
        1,
        1,
        1,
        1,
        1,
        1,
        1,
        1,
        1,
        1,
        1,
        1,
        1,
        1,
        1,
        1,
        1,
        1,
        1,
        1
    ],
    "Num Samples": [
        5000000,
        6294627,
        7924465,
        9976311,
        12559432,
        15811388,
        19905358,
        25059361,
        31547867,
        39716411,
        50000000,
        62946270,
        79244659,
        99763115,
        125594321,
        158113883,
        199053585,
        250593616,
        315478672,
        397164117,
        500000000
    ],
    "p_1": [
        0.0003,
        0.0002382984704172844,
        0.0001892872033440579,
        0.00015035617008818172,
        0.00011943215116604919,
        9.486832980505138e-05,
        7.535659294528738e-05,
        5.9857869449066365e-05,
        4.754679577383342e-05,
        3.7767762353825026e-05,
        3e-05,
        2.382984704172844e-05,
        1.8928720334405787e-05,
        1.5035617008818176e-05,
        1.1943215116604907e-05,
        9.486832980505138e-06,
        7.535659294528739e-06,
        5.985786944906636e-06,
        4.754679577383342e-06,
        3.776776235382498e-06,
        3e-06
    ],
    "p_2": [
        0.01,
        0.007943282347242814,
        0.00630957344480193,
        0.005011872336272725,
        0.003981071705534973,
        0.0031622776601683794,
        0.0025118864315095794,
        0.001995262314968879,
        0.001584893192461114,
        0.0012589254117941675,
        0.001,
        0.0007943282347242813,
        0.000630957344480193,
        0.0005011872336272725,
        0.0003981071705534969,
        0.00031622776601683794,
        0.00025118864315095795,
        0.00019952623149688788,
        0.00015848931924611142,
        0.0001258925411794166,
        0.0001
    ],
    "p_mem": [
        0.001,
        0.0007943282347242814,
        0.0006309573444801931,
        0.0005011872336272725,
        0.00039810717055349735,
        0.00031622776601683794,
        0.00025118864315095795,
        0.0001995262314968879,
        0.00015848931924611142,
        0.00012589254117941674,
        0.0001,
        7.943282347242814e-05,
        6.30957344480193e-05,
        5.011872336272726e-05,
        3.9810717055349695e-05,
        3.1622776601683795e-05,
        2.5118864315095798e-05,
        1.995262314968879e-05,
        1.584893192461114e-05,
        1.2589254117941661e-05,
        1e-05
    ],
    "p_SPAM": [
        0.01,
        0.007943282347242814,
        0.00630957344480193,
        0.005011872336272725,
        0.003981071705534973,
        0.0031622776601683794,
        0.0025118864315095794,
        0.001995262314968879,
        0.001584893192461114,
        0.0012589254117941675,
        0.001,
        0.0007943282347242813,
        0.000630957344480193,
        0.0005011872336272725,
        0.0003981071705534969,
        0.00031622776601683794,
        0.00025118864315095795,
        0.00019952623149688788,
        0.00015848931924611142,
        0.0001258925411794166,
        0.0001
    ],
    "Z Basis": {
        "Logical Error Rate": [
            0.0227702,
            0.015026942819646024,
            0.009699329860123049,
            0.006341522432490326,
            0.004072477162979982,
            0.0026074877170808785,
            0.0016854256024935598,
            0.0010803946676852614,
            0.0006843885832281466,
            0.00043364945538508,
            0.00027514,
            0.00017368781343199524,
            0.00010968562562683246,
            6.926407620692276e-05,
            4.358477323190433e-05,
            2.7701552304550006e-05,
            1.7221493398373105e-05,
            1.0930046996887583e-05,
            7.09081214846752e-06,
            4.373506884560772e-06,
            2.728e-06
        ],
        "Standard Error": [
            6.671090232084183e-05,
            4.849115479848765e-05,
            3.4815244760280557e-05,
            2.5132192047621884e-05,
            1.797041943822015e-05,
            1.2825054021232261e-05,
            9.193979130531475e-06,
            6.562532948494998e-06,
            4.656050910551604e-06,
            3.303621043029356e-06,
            2.3454820548522055e-06,
            1.6609706490950814e-06,
            1.1764298660161665e-06,
            8.332090602047074e-07,
            5.890781732659312e-07,
            4.185631945294816e-07,
            2.9413497208016964e-07,
            2.088447876567603e-07,
            1.499206474070823e-07,
            1.0493707537700128e-07,
            7.386464057276639e-08
        ],
        "Acceptance Rate": [
            1.0,
            1.0,
            1.0,
            1.0,
            1.0,
            1.0,
            1.0,
            1.0,
            1.0,
            1.0,
            1.0,
            1.0,
            1.0,
            1.0,
            1.0,
            1.0,
            1.0,
            1.0,
            1.0,
            1.0,
            1.0
        ]
    },
    "X Basis": {
        "Logical Error Rate": [
            0.0423302,
            0.028518766878482236,
            0.018802531148790488,
            0.012340433252331449,
            0.008021381858670042,
            0.0052050458821199,
            0.003351358965761882,
            0.0021420338690998544,
            0.0013688405621844419,
            0.0008699678326926368,
            0.00055584,
            0.0003541909631817739,
            0.0002255924907191537,
            0.00014300876631608787,
            9.081620816278788e-05,
            5.7117059101002536e-05,
            3.634699671447766e-05,
            2.21873170144925e-05,
            1.4438376994309142e-05,
            9.293387398338405e-06,
            5.764e-06
        ],
        "Standard Error": [
            9.004261466176162e-05,
            6.634338303485325e-05,
            4.825045572594815e-05,
            3.495295301386563e-05,
            2.5170437780772362e-05,
            1.8096479019123247e-05,
            1.2953780325529419e-05,
            9.235545313968071e-06,
            6.582547408788247e-06,
            4.678187361948272e-06,
            3.3332598248712063e-06,
            2.3716839594750144e-06,
            1.687051458196096e-06,
            1.1971960507456503e-06,
            8.503093637421249e-07,
            6.010152821323178e-07,
            4.273083429917151e-07,
            2.9755179585360583e-07,
            2.139296851814417e-07,
            1.5296779313220404e-07,
            1.0736821492259179e-07
        ],
        "Acceptance Rate": [
            1.0,
            1.0,
            1.0,
            1.0,
            1.0,
            1.0,
            1.0,
            1.0,
            1.0,
            1.0,
            1.0,
            1.0,
            1.0,
            1.0,
            1.0,
            1.0,
            1.0,
            1.0,
            1.0,
            1.0,
            1.0
        ]
    }
}