{
    "Num Cycles": [
        0,
        1,
        2,
        3,
        4,
        5,
        6,
        7,
        8,
        9,
        10
    ],
    "Num Samples": [
        10000000,
        10000000,
        10000000,
        10000000,
        10000000,
        10000000,
        10000000,
        10000000,
        10000000,
        10000000,
        10000000
    ],
    "p_1": [
        3e-05,
        3e-05,
        3e-05,
        3e-05,
        3e-05,
        3e-05,
        3e-05,
        3e-05,
        3e-05,
        3e-05,
        3e-05
    ],
    "p_2": [
        0.001,
        0.001,
        0.001,
        0.001,
        0.001,
        0.001,
        0.001,
        0.001,
        0.001,
        0.001,
        0.001
    ],
    "p_mem": [
        0.0001,
        0.0001,
        0.0001,
        0.0001,
        0.0001,
        0.0001,
        0.0001,
        0.0001,
        0.0001,
        0.0001,
        0.0001
    ],
    "p_SPAM": [
        0.001,
        0.001,
        0.001,
        0.001,
        0.001,
        0.001,
        0.001,
        0.001,
        0.001,
        0.001,
        0.001
    ],
    "Z Basis": {
        "Logical Error Rate": [
            1.94e-05,
            0.0002788,
            0.0006526,
            0.0010005,
            0.0013822,
            0.0017423,
            0.0021298,
            0.0024655,
            0.0028517,
            0.0032331,
            0.003594
        ],
        "Standard Error": [
            1.3928253867575274e-06,
            5.279415672517459e-06,
            8.075730174154023e-06,
            9.99749518479459e-06,
            1.1748572939676401e-05,
            1.3188118003098307e-05,
            1.4578285785669094e-05,
            1.5682543019842653e-05,
            1.6862882587110687e-05,
            1.795173358384849e-05,
            1.8923751007948587e-05
        ],
        "Acceptance Rate": [
            1.0,
            1.0,
            1.0,
            1.0,
            1.0,
            1.0,
            1.0,
            1.0,
            1.0,
            1.0,
            1.0
        ]
    },
    "X Basis": {
        "Logical Error Rate": [
            2.15e-05,
            0.0005579,
            0.0014589,
            0.0023509,
            0.0032143,
            0.0041116,
            0.0050174,
            0.0059409,
            0.006766,
            0.0076829,
            0.008583
        ],
        "Standard Error": [
            1.466272140496231e-06,
            7.467186909063414e-06,
            1.2069680014263738e-05,
            1.53146123154566e-05,
            1.7899632945697125e-05,
            2.0235353110112793e-05,
            2.23432902600817e-05,
            2.4301453244097625e-05,
            2.5923390819918195e-05,
            2.761136325858863e-05,
            2.9170760980703423e-05
        ],
        "Acceptance Rate": [
            1.0,
            1.0,
            1.0,
            1.0,
            1.0,
            1.0,
            1.0,
            1.0,
            1.0,
            1.0,
            1.0
        ]
    }
}